<?xml version="1.0" encoding="UTF-8"?>
<!DOCTYPE mapper
        PUBLIC "-//mybatis.org//DTD Config 3.0//EN"
        "http://mybatis.org/dtd/mybatis-3-mapper.dtd">

<mapper namespace="Mapper">
	<!-- ********************************송용민 -->
    <update id="mem_updating" parameterType="Pack.memberBean">
        update member
        set mem_tel = #{mem_tel},
        mem_val_date = #{mem_val_date},
        mem_cnt = #{mem_cnt}
        where mem_id = #{mem_id}
    </update>
    <select id="mem_searching" parameterType="string" resultType="map">
        select *
        from member
        where mem_id = #{id};
    </select>
    <select id="mem_select" parameterType="string" resultType="map">
        select *
        from member
    </select>
    
    <!-- ***************************************채송화 -->
    <insert id="insert_mem" parameterType="Pack.memberBean">
        insert into member(mem_id,mem_pass,mem_name,mem_reg,mem_tel)
        values (#{mem_id},#{mem_pass},#{mem_name},#{mem_reg},#{mem_tel})
    </insert>

    <delete id="delete" parameterType="Pack.memberBean">
        delete
        from member
        where mem_id = #{mem_id}
    </delete>

    <update id="mem_update" parameterType="Pack.memberBean">
        update member
        set mem_pass=#{mem_pass},mem_tel=#{mem_tel}
        where mem_id=#{mem_id}
    </update>
    <select id="find_id" parameterType="Pack.memberBean" resultType="String">
        SELECT mem_id FROM member 
        WHERE mem_name = #{mem_name} AND mem_reg = #{mem_reg}
    </select>
      <select id="find_pass" parameterType="Pack.memberBean" resultType="String">
        SELECT mem_pass FROM member 
        WHERE mem_id = #{mem_id} AND mem_name = #{mem_name}
    </select>
    <select id="id_check" parameterType="String" resultType="int">
        select count(*) from member 
        where mem_id=#{mem_id}
    </select>
    <select id="login_mem" parameterType="Pack.memberBean" resultType="int">
        SELECT COUNT(*) FROM member
        WHERE mem_id = #{mem_id} AND mem_pass = #{mem_pass}
    </select>
    <select id="login_adm" parameterType="Pack.adminBean" resultType="int">
        SELECT COUNT(*) FROM admin
        WHERE ad_id = #{ad_id} AND ad_pass = #{ad_pass}
    </select>
     <select id="mem_search" parameterType="String" resultType="Pack.memberBean">
        SELECT mem_id,mem_pass,mem_name,mem_reg,mem_tel,mem_val_date,mem_cnt 
        FROM member
        WHERE mem_id = #{mem_id}
    </select>
    
    <!-- *********************************************************** -->
    <update id="bookDelete" parameterType="Pack.bookBean">
        update book
        set b_name        = " ",
            b_author      = " ",
            b_publisher   = " ",
            b_genre       = " ",
            b_ISBN        = 0,
            b_call_number = " "
        where b_id = #{b_id};
    </update>

    <update id="bookUpdateInfo" parameterType="Pack.bookBean">
        update book
        set b_name        = #{b_name},
            b_author      = #{b_author},
            b_publisher   = #{b_publisher},
            b_genre       = #{b_genre},
            b_ISBN        = #{b_ISBN},
            b_call_number = #{b_call_number}
        where b_id = #{b_id};
    </update>

    <insert id="bookInsert" parameterType="Pack.bookBean">
        insert into book(b_name, b_author, b_publisher, b_genre, b_ISBN, b_call_number)
        values (#{b_name}, #{b_author}, #{b_publisher}, #{b_genre}, #{b_ISBN}, #{b_call_number});
    </insert>
    <select id="combineSearch" resultType="Pack.bookBean" parameterType="Pack.SearchBean">
        select b_id,
               b_name,
               b_author,
               b_publisher,
               b_genre,
               b_ISBN,
               b_call_number,
               r2.reserve_date,
               r.return_date,
               (count(r2.book_b_id = book.b_id)) as cnt
        from book
                 left join rent r on book.b_id = r.book_b_id
                 left join reserve r2 on book.b_id = r2.book_b_id
        where (b_author like CONCAT('%', #{input}, '%')
           or b_name like CONCAT('%', #{input}, '%')
           or b_publisher like CONCAT('%', #{input}, '%'))
            and b_ISBN not like 0
        group by b_id
        limit #{start} , 5;
    </select>

    <select id="authorSearch" resultType="Pack.bookBean" parameterType="Pack.SearchBean">
        select b_id,
               b_name,
               b_author,
               b_publisher,
               b_genre,
               b_ISBN,
               b_call_number,
               r2.reserve_date,
               r.return_date,
               (count(r2.book_b_id = book.b_id)) as cnt
        from book
                 left join rent r on book.b_id = r.book_b_id
                 left join reserve r2 on book.b_id = r2.book_b_id
        where book.b_author like CONCAT('%', #{input}, '%')
          and b_ISBN not like 0
        group by b_id
        limit #{start} , 5;
    </select>
    <select id="nameSearch" resultType="Pack.bookBean" parameterType="Pack.SearchBean">
        select b_id,
               b_name,
               b_author,
               b_publisher,
               b_genre,
               b_ISBN,
               b_call_number,
               r2.reserve_date,
               r.return_date,
               (count(r2.book_b_id = book.b_id)) as cnt
        from book
                 left join rent r on book.b_id = r.book_b_id
                 left join reserve r2 on book.b_id = r2.book_b_id
        where book.b_name like CONCAT('%', #{input}, '%')
          and b_ISBN not like 0
        group by b_id
        limit #{start} , 5;
    </select>
    <select id="publisherSearch" resultType="Pack.bookBean" parameterType="Pack.SearchBean">
        select b_id,
               b_name,
               b_author,
               b_publisher,
               b_genre,
               b_ISBN,
               b_call_number,
               r2.reserve_date,
               r.return_date,
               (count(r2.book_b_id = book.b_id)) as cnt
        from book
                 left join rent r on book.b_id = r.book_b_id
                 left join reserve r2 on book.b_id = r2.book_b_id
        where book.b_publisher like CONCAT('%', #{input}, '%')
          and b_ISBN not like 0
        group by b_id
        limit #{start} , 5;
    </select>
    <select id="ISBNSearch" resultType="Pack.bookBean" parameterType="Pack.SearchBean">
        select b_id,
               b_name,
               b_author,
               b_publisher,
               b_genre,
               b_ISBN,
               b_call_number,
               r2.reserve_date,
               r.return_date,
               (count(r2.book_b_id = book.b_id)) as cnt
        from book
                 left join rent r on book.b_id = r.book_b_id
                 left join reserve r2 on book.b_id = r2.book_b_id
        where b_ISBN = #{input}
        group by b_id
        limit #{start} , 5;
    </select>
    <select id="IdSearch" resultType="Pack.bookBean" parameterType="Pack.SearchBean">
        select b_id,
               b_name,
               b_author,
               b_publisher,
               b_genre,
               b_ISBN,
               b_call_number,
               r2.reserve_date,
               r.return_date,
               (count(r2.book_b_id = book.b_id)) as cnt
        from book
                 left join rent r on book.b_id = r.book_b_id
                 left join reserve r2 on book.b_id = r2.book_b_id
        where b_id = #{input}
        group by b_id
        limit #{start} , 5;
    </select>
    <select id="beforeRentCHK" resultType="Pack.bookBean" parameterType="Pack.SearchBean">
        select rent_tf
        from rent
        where book_b_id = #{input};
    </select>
    <insert id="reserveInsert" parameterType="Pack.bookBean">
        insert into reserve (reserve_date, book_b_id, member_mem_id)
        VALUES (#{reserve_date}, #{b_id}, #{loginId});
    </insert>
    <select id="idCHK" resultType="Pack.SearchBean" parameterType="String">
        select member.mem_id
        from member
        where member.mem_id = #{id};
    </select>
    
    <!-- ****************************************************** -->
    
    <select id="IDSearch" resultType="Pack.bookBean"
		parameterType="Pack.bookBean">
		select b_id,
		b_name,
		b_author,
		b_publisher,
		b_genre,
		b_ISBN,
		b_call_number,
        r2.member_mem_id,
		r2.reserve_date,
		r.return_date
		from book
		left join rent r on book.b_id = r.book_b_id AND r.rent_tf = 1
		left join reserve r2 on book.b_id = r2.book_b_id
		where b_id = #{b_id}
	</select>
	
	<insert id="rentInsert" parameterType="Pack.rentBean">
		INSERT INTO rent(rent_date,return_date,rent_cnt,book_b_id,member_mem_id,admin_ad_id) 
		VALUES(#{rent_date},#{return_date},#{rent_cnt},#{book_b_id},#{member_mem_id},#{admin_ad_id})
    </insert>
    
    <delete id="rentReserveDelete" parameterType="Pack.rentBean">
        Delete FROM reserve WHERE book_b_id = #{book_b_id} AND member_mem_id = #{member_mem_id}
    </delete>
    
    <update id="returnUpdate" parameterType="Pack.rentBean">
        Update rent
        SET rent_tf = 0
        where book_b_id = #{book_b_id}
    </update>
    
</mapper>